Date,Close/Last,Volume,Open,High,Low
12/23/2021,31.21,480275,31.16,31.42,31.1
12/22/2021,31.5,404890,30.93,31.52,30.89
12/21/2021,30.38,686373,29.88,30.43,29.88
12/20/2021,29.47,1214446,29.24,29.57,28.87
12/17/2021,30.31,1178186,30.16,30.77,30.0304
12/16/2021,31.63,856430,32.18,32.3,31.55
12/15/2021,32.15,1219399,31.94,32.18,31.3
12/14/2021,31.69,1928537,31.71,31.97,31.41
12/13/2021,31.95,694282,32.24,32.46,31.69
12/10/2021,32.75,474521,32.62,32.81,32.37
12/09/2021,32.14,904391,32.49,32.61,32.085
12/08/2021,32.61,752572,32.5,32.88,32.4
12/07/2021,31.85,1042609,31.98,32.15,31.72
12/06/2021,30.8,2259487,31,31.05,30.35
12/03/2021,31.45,810149,32,32.06,31.09
12/02/2021,31.97,1444478,31.83,32.21,31.57
12/01/2021,31.28,1823311,31.96,32.21,31.25
11/30/2021,30.54,1143673,30.72,30.97,30.31
11/29/2021,30.96,1293355,30.7,30.99,30.27
11/26/2021,30.36,985231,30.15,30.55,30.02
11/24/2021,32.88,923761,32.3,32.9,32.13
11/23/2021,32.84,1181606,32.9,33.17,32.49
11/22/2021,32.24,2449162,32.32,32.79,31.865
11/19/2021,33.45,1083373,32.99,33.5891,32.9
11/18/2021,33.14,1614861,33.74,33.79,32.51
11/17/2021,34.94,1308840,35.1,35.38,34.91
11/16/2021,34.66,1644961,34.49,34.94,34.36
11/15/2021,33.57,954629,33.58,33.98,33.34
11/12/2021,33.57,1025328,33.69,33.73,33.36
11/11/2021,33.59,1061624,33.42,33.86,33.33
11/10/2021,33.46,1973682,33.905,34.71,33.25
11/09/2021,33.61,1645631,34.29,34.36,33.2
11/08/2021,34.08,1768734,33.64,34.33,33.52
11/05/2021,32.76,1074976,32.78,33.035,32.59
11/04/2021,32.48,991705,32.71,32.77,32.39
11/03/2021,32.88,1417489,31.73,32.92,31.72
11/02/2021,31.77,1960373,32.44,32.7,31.61
11/01/2021,33.53,2390992,32.76,33.94,32.71
10/29/2021,31.58,1806954,32,32.1,31.48
10/28/2021,32.04,2015517,31.73,32.32,31.7013
10/27/2021,32.36,2306022,32.79,32.86,32.25
10/26/2021,33.17,3200693,33.775,33.82,33.05
10/25/2021,32.2,1256099,32.1,32.465,32.0301
10/22/2021,32.27,1344061,32.6,32.69,31.94
10/21/2021,33.57,1663476,33.57,33.84,33.29
10/20/2021,32.36,2526377,32.49,32.625,32.18
10/19/2021,32,2679088,32.44,32.44,31.7001
10/18/2021,33.79,2139518,34.14,34.43,33.63
10/15/2021,34.19,4529390,33.98,34.53,33.865
10/14/2021,33.93,3624858,32.99,34.14,32.58
10/13/2021,34.2,7343301,32.85,34.4,32.52
10/12/2021,31.68,6394214,29.5,32,29.48
10/11/2021,28.06,2851101,27.67,28.41,27.34
10/08/2021,26.35,4366525,25.64,26.35,25.64
10/07/2021,25.75,4969507,24.62,25.9,24.61
10/06/2021,22.34,1666477,22.22,22.47,22.105
10/05/2021,23.13,897454,22.98,23.2,22.965
10/04/2021,22.72,1134836,23.15,23.2,22.655
10/01/2021,22.78,687844,22.5,22.895,22.48
09/30/2021,22.41,1686200,22.4,22.56,22.255
09/29/2021,22.33,819988,22.08,22.4,22.08
09/28/2021,22.07,2486184,22.36,22.56,22.005
09/27/2021,22.81,5179366,22.21,22.945,22.2
09/24/2021,21.8,1896832,21.59,21.877,21.57
09/23/2021,22.07,1181790,21.57,22.09,21.57
09/22/2021,21.2,1558081,20.85,21.3,20.85
09/21/2021,20.47,2213265,20.25,20.505,20.14
09/20/2021,19.89,1947000,19.93,20.07,19.665
09/17/2021,20.68,1167234,20.91,21.05,20.615
09/16/2021,21.03,620963,20.94,21.1,20.85
09/15/2021,21.11,1794437,20.95,21.125,20.85
09/14/2021,20.55,1113936,20.67,20.75,20.49
09/13/2021,20.44,636756,20.44,20.49,20.27
09/10/2021,20.29,800009,20.38,20.53,20.26
09/09/2021,20.21,895223,20,20.27,20
09/08/2021,19.82,929631,19.86,19.885,19.64
09/07/2021,19.76,1296234,20.11,20.16,19.75
09/03/2021,20.2,668228,20.01,20.2199,19.94
09/02/2021,19.91,1174207,20.11,20.16,19.9
09/01/2021,20.18,1739642,20.09,20.25,20.04
08/31/2021,19.68,1652347,19.67,19.7,19.39
08/30/2021,19.76,622180,19.89,20.05,19.76
08/27/2021,19.75,1310668,19.18,19.815,19.18
08/26/2021,18.9,684577,19.06,19.13,18.86
08/25/2021,19.17,787469,19.15,19.255,19.07
08/24/2021,19.12,1332848,18.88,19.2,18.85
08/23/2021,18.73,1615981,18.48,18.76,18.48
08/20/2021,19.15,1309535,18.8,19.15,18.74
08/19/2021,19.1,2186811,19.08,19.23,18.885
08/18/2021,19.44,3203150,19.46,19.735,19.38
08/17/2021,19.48,2658489,19.835,19.835,19.41
08/16/2021,20.22,1138227,20.3,20.3,20.06
08/13/2021,20.5,560962,20.42,20.64,20.42
08/12/2021,20.5,1036176,20.54,20.64,20.32
08/11/2021,20.04,908269,19.87,20.1,19.87
08/10/2021,19.74,891741,19.67,19.76,19.47
08/09/2021,19.87,1062353,20.08,20.08,19.85
08/06/2021,20.11,1085061,20.17,20.29,20.06
08/05/2021,20.1,1168275,20.01,20.19,19.95
08/04/2021,19.72,1919094,20.25,20.27,19.715
08/03/2021,20.56,2669886,20.23,20.57,20.04
08/02/2021,19.84,856562,19.84,20.18,19.84
07/30/2021,19.68,1054988,19.65,19.88,19.62
07/29/2021,19.82,1011243,19.61,19.9,19.59
07/28/2021,19.34,1715487,19.19,19.46,19.07
07/27/2021,19.27,6127843,19.28,19.37,19.065
07/26/2021,19.7,2535772,19.3,19.72,19.3
07/23/2021,19.61,2020157,19.76,19.81,19.47
07/22/2021,19.89,1099948,20.23,20.26,19.89
07/21/2021,20.52,1176459,20.37,20.54,20.27
07/20/2021,20.44,1760702,20,20.475,19.825
07/19/2021,20.09,3197749,20.3,20.3,19.72
07/16/2021,20.38,1926752,20.63,20.685,20.31
07/15/2021,20.52,1383921,20.46,20.67,20.46
07/14/2021,20.56,1457856,20.52,20.68,20.47
07/13/2021,20.4,1734937,20.61,20.63,20.375
07/12/2021,20.32,1280176,20.27,20.48,20.26
07/09/2021,20.38,1896461,20.3,20.465,20.22
07/08/2021,19.92,2615640,19.84,20,19.47
07/07/2021,20.51,3866486,20.64,20.71,20.41
07/06/2021,20.33,4327788,20.8,20.86,20.32
07/02/2021,23.05,663973,23.04,23.14,22.921
07/01/2021,22.97,1032877,22.92,23.12,22.845
06/30/2021,22.78,716443,22.69,22.81,22.605
06/29/2021,22.83,971116,22.85,23,22.75
06/28/2021,22.9,928800,22.86,23,22.8
06/25/2021,22.65,739744,22.75,22.821,22.63
06/24/2021,22.49,747999,22.5,22.58,22.31
06/23/2021,22.41,820286,22.53,22.665,22.35
06/22/2021,22.68,697418,22.5,22.7,22.37
06/21/2021,22.6,675941,22.39,22.61,22.34
06/18/2021,22.18,2788538,22.52,22.52,22.17
06/17/2021,22.98,1500905,23.24,23.36,22.92
06/16/2021,23.62,1061589,23.62,23.75,23.44
06/15/2021,23.75,1104933,23.79,23.9,23.605
06/14/2021,23.98,889869,24.11,24.11,23.925
06/11/2021,23.9,560572,23.79,23.92,23.74
06/10/2021,23.56,737961,23.54,23.72,23.465
06/09/2021,23.42,1484055,23.46,23.565,23.38
06/08/2021,24.11,1471849,24.24,24.27,23.97
06/07/2021,23.8,2672288,23.68,23.94,23.6
06/04/2021,23.6,2969032,22.98,23.68,22.93
06/03/2021,22.24,1022384,22.3,22.4866,22.13
06/02/2021,22.34,1278464,21.99,22.4,21.98
06/01/2021,21.79,718433,21.86,21.91,21.69
05/28/2021,21.73,868825,22.05,22.05,21.73
05/27/2021,22.18,1480420,21.97,22.27,21.96
05/26/2021,21.76,913806,21.46,21.76,21.42
05/25/2021,21.37,945421,21.58,21.77,21.37
05/24/2021,21.52,1205462,21.27,21.64,21.11
05/21/2021,21.3,1308605,21.23,21.42,21.19
05/20/2021,21.17,1199974,20.93,21.17,20.85
05/19/2021,20.85,2114743,21.14,21.14,20.64
05/18/2021,21.91,1650106,21.79,22.39,21.79
05/17/2021,21.9,1267488,21.7,21.93,21.53
05/14/2021,21.24,1820073,21.1,21.34,20.87
05/13/2021,21.66,1673559,21.49,21.87,21.3973
05/12/2021,21.4,2705690,21.93,22,21.385
05/11/2021,21.35,1565053,20.93,21.55,20.9
05/10/2021,21.05,1596891,21.19,21.23,21.05
05/07/2021,20.58,1038329,20.32,20.67,20.32
05/06/2021,20.39,1140199,20.3,20.415,20.07
05/05/2021,19.71,719799,19.75,19.88,19.64
05/04/2021,19.46,1440953,19.27,19.47,19.1
05/03/2021,19.66,748020,19.57,19.75,19.55
04/30/2021,19.35,1758336,19.73,19.73,19.31
04/29/2021,20.1,1075048,20.36,20.4,19.82
04/28/2021,20.43,752613,20.39,20.59,20.33
04/27/2021,20.23,670895,20.15,20.29,20.12
04/26/2021,19.81,747695,19.66,19.84,19.6
04/23/2021,19.7,869420,19.35,19.73,19.35
04/22/2021,19.2,1629401,19.555,19.636,19.19
04/21/2021,19.63,749562,19.19,19.63,19.13
04/20/2021,19.32,1336143,19.61,19.7361,19.2
04/19/2021,20.02,835019,19.99,20.05,19.82
04/16/2021,20.51,912698,20.52,20.68,20.5
04/15/2021,20.17,775500,20.21,20.23,20.03
04/14/2021,20.05,1293354,19.89,20.34,19.89
04/13/2021,19.66,2334295,20.03,20.09,19.58
04/12/2021,18.56,3509402,19.16,19.22,18.56
04/09/2021,21.24,688764,21.06,21.24,20.96
04/08/2021,20.94,929329,20.9,21.1,20.83
04/07/2021,20.45,844886,20.69,20.71,20.35
04/06/2021,20.84,1123017,20.55,20.945,20.55
04/05/2021,20.93,1627684,21.03,21.135,20.68
04/01/2021,21.03,619990,21.04,21.18,20.87
03/31/2021,20.79,1268129,20.68,20.96,20.59
03/30/2021,20.52,1720262,20.12,20.67,19.98
03/29/2021,20.37,891326,20.42,20.65,20.22
03/26/2021,20.4,2186776,20.3,20.568,20.01
03/25/2021,19.84,1897934,19.52,19.925,19.26
03/24/2021,19.92,1555075,20.15,20.36,19.88
03/23/2021,20.67,1441686,20.99,21.1,20.65
03/22/2021,20.93,994065,20.89,21,20.57
03/19/2021,21.22,1172907,20.96,21.34,20.79
03/18/2021,20.71,1081152,21.03,21.1,20.62
03/17/2021,21.33,1700706,20.87,21.36,20.23
03/16/2021,21.81,1012517,21.93,21.9966,21.55
03/15/2021,21.89,693989,21.83,21.93,21.61
03/12/2021,21.97,1812918,21.8,22.42,21.63
03/11/2021,22.47,832869,22.15,22.53,22.03
03/10/2021,21.91,808973,22.04,22.23,21.62
03/09/2021,21.74,1087411,21.67,21.895,21.42
03/08/2021,21.67,1420555,21.85,22.11,21.49
03/05/2021,22.32,3037127,22.35,22.48,21.31
03/04/2021,22.5,2842175,23.23,23.53,22.16
03/03/2021,23.42,1724053,23.45,23.7,23.185
03/02/2021,23.35,2151641,23,23.605,22.98
03/01/2021,22.57,1219208,22.46,22.629,22.23
02/26/2021,21.99,1865652,21.65,22.285,21.35
02/25/2021,22.12,2473942,22.74,22.96,21.89
02/24/2021,22.13,1619237,21.77,22.16,21.7
02/23/2021,21.93,2693824,22.06,22.1,21.28
02/22/2021,20.96,1374018,20.91,21.32,20.52
02/19/2021,21.43,1486575,21.33,21.78,21.11
02/18/2021,21.87,3344883,21.82,21.97,21.6304
02/17/2021,22.36,1521114,22.39,22.55,22.15
02/16/2021,22.21,1527998,22.58,22.68,22.01
02/12/2021,22.58,1011871,22.24,22.59,22.1294
02/11/2021,22.25,964563,22.26,22.29,21.97
02/10/2021,22.24,1549959,22.52,22.7,22.03
02/09/2021,22.4,2150331,22.2,22.48,21.95
02/08/2021,23.37,2371463,22.87,23.38,22.74
02/05/2021,21.54,2182581,21.7,21.72,21.02
02/04/2021,22.31,1996957,22.2,22.41,21.91
02/03/2021,22.62,2809945,22.2,22.75,22.19
02/02/2021,22.17,4969293,21.69,22.28,21.37
02/01/2021,19.52,3153132,18.77,19.6299,18.77
01/29/2021,17.81,1991713,18.65,19.01,17.78
01/28/2021,18.56,3146093,18.16,18.655,18.11
01/27/2021,17.82,2362141,17.86,18.155,17.74
01/26/2021,18.45,1863089,18.28,18.52,18.17
01/25/2021,18.55,4291590,18.84,18.94,18.16
01/22/2021,19.57,3739935,19.84,20.05,19.1
01/21/2021,20.06,4826967,19.64,20.1399,19.52
01/20/2021,18.94,3210079,18.68,18.96,18.53
01/19/2021,17.68,2011576,17.61,17.85,17.515
01/15/2021,17.56,3106346,17.8,17.99,17.53
01/14/2021,16.89,2041429,16.68,16.9711,16.62
01/13/2021,16.27,2466493,16.65,16.6808,16.08
01/12/2021,16.55,4770704,16.24,16.71,16.19
01/11/2021,15.9,7642180,15.02,15.95,15.02
01/08/2021,13.67,1662380,13.5,13.7,13.425
01/07/2021,13.45,997609,13.39,13.465,13.345
01/06/2021,13.34,1897970,13.39,13.51,13.225
01/05/2021,13.3,1801954,12.93,13.36,12.9
01/04/2021,12.76,1898187,12.97,13.15,12.67
12/31/2020,12.6,957963,12.58,12.665,12.555
12/30/2020,12.6,887013,12.52,12.69,12.5
12/29/2020,12.36,1231794,12.38,12.495,12.29
12/28/2020,12.5,1632725,12.5,12.69,12.45
12/24/2020,11.8,816291,11.89,12,11.75
12/23/2020,11.65,1802607,11.41,11.65,11.37
12/22/2020,11.06,1123940,11.2,11.23,11.015
12/21/2020,11.19,2712456,11.15,11.25,11.0134
12/18/2020,12.18,1576176,12.31,12.325,12.11
12/17/2020,12.31,1963333,12.5,12.615,12.31
12/16/2020,12.57,1546746,12.57,12.605,12.435
12/15/2020,12.34,957366,12.15,12.35,12.13
12/14/2020,11.99,1035479,12.17,12.19,11.86
12/11/2020,12.12,2113473,12.09,12.26,12.07
12/10/2020,11.99,2182549,12.05,12.105,11.83
12/09/2020,12.38,2539994,12.53,12.62,12.3
12/08/2020,12.45,1412420,12.43,12.55,12.37
12/07/2020,12.52,2033039,12.5,12.57,12.17
12/04/2020,12.51,969029,12.65,12.66,12.43
12/03/2020,12.66,1466784,12.75,12.77,12.64
12/02/2020,12.64,1587415,12.54,12.665,12.41
12/01/2020,12.57,2568698,12.16,12.592,12.12
11/30/2020,11.94,2626138,12.35,12.35,11.8773
11/27/2020,12.38,2109630,12.022,12.61,12.01
11/25/2020,11.78,2078272,11.56,11.82,11.54
11/24/2020,11.7,1348625,11.86,11.86,11.58
11/23/2020,11.46,1449608,11.57,11.57,11.32
11/20/2020,11.29,1679840,11.6,11.64,11.28
11/19/2020,11.58,2651556,11.41,11.67,11.31
11/18/2020,11.63,3342343,11.49,11.93,11.47
11/17/2020,10.9,2844932,10.64,11.02,10.63
11/16/2020,10.49,2901645,10.27,10.5,10.25
11/13/2020,10.03,1037336,10.07,10.13,9.845
11/12/2020,10.07,1074642,10.13,10.26,9.975
11/11/2020,10.21,1342508,10.27,10.29,10.1273
11/10/2020,10.03,2711356,10.09,10.28,9.94
11/09/2020,10.2,2803771,9.85,10.39,9.8
11/06/2020,9.49,930613,9.51,9.54,9.44
11/05/2020,9.5,1825861,9.34,9.53,9.33
11/04/2020,9.28,1671753,9.35,9.405,9.23
11/03/2020,9.29,1957743,9.08,9.41,9.08
11/02/2020,9.08,1132094,8.93,9.1,8.87
10/30/2020,8.77,1466671,8.93,8.965,8.71
10/29/2020,8.93,1099889,8.84,8.98,8.73
10/28/2020,8.85,2483871,9.02,9.04,8.8
10/27/2020,9.48,1552900,9.15,9.58,9.15
10/26/2020,9.06,2141892,9.03,9.08,8.89
10/23/2020,9.32,1158651,9.3,9.34,9.165
10/22/2020,9.12,1050186,9.08,9.14,9.03
10/21/2020,8.84,764662,8.94,8.9927,8.8117
10/20/2020,8.92,1091141,8.84,9.04,8.805
10/19/2020,8.61,1698433,8.81,8.87,8.61
10/16/2020,8.8,814941,8.84,8.89,8.77
10/15/2020,8.81,1779624,8.68,8.82,8.5729
10/14/2020,8.92,1036124,8.95,9.07,8.92
10/13/2020,9.08,1094967,9.2,9.2,9
10/12/2020,9.34,816109,9.33,9.4,9.29
10/09/2020,9.58,1004619,9.55,9.6,9.45
10/08/2020,9.67,1134128,9.65,9.67,9.59
10/07/2020,9.73,1308801,9.63,9.79,9.6
10/06/2020,9.7,2149123,9.83,9.96,9.63
10/05/2020,9.2,703204,9.11,9.255,9.1
10/02/2020,9.07,822273,8.96,9.088,8.93
10/01/2020,9.15,738677,9.13,9.16,8.9801
09/30/2020,9.09,1099712,9.07,9.23,9.03
09/29/2020,8.87,645865,8.92,8.935,8.8
09/28/2020,8.98,1236021,9.03,9.09,8.95
09/25/2020,8.65,1528223,8.56,8.66,8.505
09/24/2020,8.43,1953131,8.27,8.505,8.225
09/23/2020,8.74,1782166,8.97,9.05,8.73
09/22/2020,9.11,1223834,9.18,9.18,9.01
09/21/2020,9.33,2163206,9.27,9.35,9.11
09/18/2020,9.88,1332943,10.02,10.03,9.84
09/17/2020,10,1174976,9.98,10.05,9.895
09/16/2020,10.27,1578045,10.22,10.47,10.21
09/15/2020,10.09,794527,10.11,10.18,10.04
09/14/2020,10.07,1194907,9.95,10.08,9.9
09/11/2020,9.71,887694,9.75,9.79,9.63
09/10/2020,9.57,1584870,9.67,9.84,9.56
09/09/2020,9.67,1313569,9.65,9.79,9.595
09/08/2020,9.63,2336229,9.47,9.78,9.36
09/04/2020,10.1,1741267,10,10.15,9.775
09/03/2020,9.98,3736814,10.23,10.24,9.77
09/02/2020,10.1,2307458,10.22,10.295,9.91
09/01/2020,9.77,1526294,9.74,9.87,9.67
08/31/2020,9.74,1436224,9.73,9.77,9.595
08/28/2020,9.77,1099270,9.67,9.88,9.66
08/27/2020,9.65,2091371,9.94,9.96,9.54
08/26/2020,9.65,5621450,9.27,9.74,9.25
08/25/2020,8.67,1734539,8.51,8.73,8.51
08/24/2020,8.24,816300,8.24,8.27,8.18
08/21/2020,8.12,1047936,8.08,8.165,8.06
08/20/2020,8.22,804717,8.08,8.225,8.052
08/19/2020,8.33,872118,8.32,8.41,8.3041
08/18/2020,8.39,1075755,8.32,8.47,8.3
08/17/2020,8.21,1065782,8.14,8.27,8.14
08/14/2020,8.27,2103824,8.32,8.32,8.16
08/13/2020,8.72,2018124,8.63,8.7999,8.6073
08/12/2020,8.38,1393355,8.44,8.47,8.35
08/11/2020,8.1,1477976,8.23,8.245,8.065
08/10/2020,8.21,2599448,8.05,8.25,7.99
08/07/2020,7.92,1571361,7.85,7.94,7.81
08/06/2020,7.85,919595,7.82,7.89,7.81
08/05/2020,7.82,1763862,7.74,7.86,7.72
08/04/2020,7.54,1710240,7.41,7.6,7.34
08/03/2020,7.45,3173176,7.4,7.53,7.31
07/31/2020,6.82,2814722,7.06,7.3,6.78
07/30/2020,7.03,2721427,6.96,7.05,6.78
07/29/2020,7.12,1269225,7.11,7.165,7
07/28/2020,7.24,3430299,7.06,7.33,7.04
07/27/2020,6.79,1191712,6.85,6.86,6.75
07/24/2020,6.87,1540800,6.89,6.945,6.83
07/23/2020,7,1369399,7.16,7.16,6.955
07/22/2020,7.14,1502308,7.12,7.24,7.1
07/21/2020,7.35,3050773,7.37,7.59,7.33
07/20/2020,7.12,1124858,6.96,7.13,6.87
07/17/2020,6.95,2364662,7.11,7.18,6.93
07/16/2020,6.91,1251984,6.9,6.96,6.82
07/15/2020,7.02,1713292,7,7.0482,6.9
07/14/2020,7.02,1662805,6.98,7.06,6.8
07/13/2020,7.09,1586668,7.33,7.385,7.08
07/10/2020,7.35,2401972,7.21,7.425,7.16
07/09/2020,7.23,2636617,7.16,7.3,7.092
07/08/2020,7.06,1809864,7.1,7.12,6.93
07/07/2020,7.32,1624953,7.4,7.44,7.3
07/06/2020,7.53,5077537,7.3,7.68,7.21
07/02/2020,6.87,2351742,6.82,6.9,6.6673
07/01/2020,6.68,1584970,6.64,6.79,6.6
06/30/2020,6.57,2088091,6.64,6.65,6.5
06/29/2020,6.71,2294946,6.6,6.78,6.51
06/26/2020,6.6,2969859,6.75,6.75,6.41
06/25/2020,6.95,3722353,6.56,7.065,6.54
06/24/2020,6.71,2101039,6.84,6.92,6.61
06/23/2020,6.89,1798697,6.9,6.98,6.87
06/22/2020,6.79,2759324,6.73,6.89,6.69
06/19/2020,6.59,4810603,6.56,6.7385,6.455
06/18/2020,6.37,1754366,6.24,6.37,6.18
06/17/2020,6.19,2059825,6.33,6.345,6.1707
06/16/2020,6.31,5464714,6.58,6.6,6.23
06/15/2020,6.71,2967166,6.45,6.73,6.36
06/12/2020,7,2880733,7.19,7.19,6.76
06/11/2020,6.55,3465696,6.72,6.83,6.5
06/10/2020,7.21,3340610,7.4,7.44,7.01
06/09/2020,7.32,2768873,7.44,7.48,7.25
06/08/2020,7.8,3389063,7.87,7.87,7.68
06/05/2020,7.45,4313267,7.35,7.73,7.35
06/04/2020,6.68,3440035,6.69,6.81,6.63
06/03/2020,6.81,3395354,6.84,6.9,6.715
06/02/2020,6.61,5490412,6.5,6.74,6.41
06/01/2020,6.06,2692518,5.88,6.12,5.86
05/29/2020,5.71,2091259,5.75,5.77,5.56
05/28/2020,5.75,3223569,6,6.01,5.7
05/27/2020,5.81,4460692,5.8,5.825,5.55
05/26/2020,5.61,2784778,5.63,5.73,5.61
05/22/2020,5.46,1865106,5.54,5.57,5.35
05/21/2020,5.57,1977558,5.55,5.64,5.435
05/20/2020,5.51,2123135,5.45,5.57,5.35
05/19/2020,5.32,2976476,5.64,5.64,5.3
05/18/2020,5.58,3649533,5.6,5.68,5.49
05/15/2020,5.48,1985399,5.45,5.6,5.4
05/14/2020,5.66,5059335,5.39,5.83,5.1
05/13/2020,5.55,3669467,6.06,6.06,5.45
05/12/2020,6.04,5478797,5.95,6.3,5.81
05/11/2020,5.85,3980376,5.69,5.89,5.56
05/08/2020,5.55,1781235,5.47,5.59,5.43
05/07/2020,5.5,1819096,5.5,5.6,5.44
05/06/2020,5.39,1510868,5.56,5.585,5.33
05/05/2020,5.47,2158449,5.54,5.66,5.46
05/04/2020,5.61,2666032,5.5,5.65,5.41
05/01/2020,5.6,2760543,5.6,5.68,5.45
04/30/2020,5.92,4690604,6.03,6.325,5.76
04/29/2020,5.88,5303310,5.18,5.98,5.18
04/28/2020,5.08,1795192,5.14,5.16,5.01
04/27/2020,5,2082390,4.97,5.05,4.9
04/24/2020,4.87,2017663,4.95,5.01,4.77
04/23/2020,5.01,1743132,5.06,5.145,4.97
04/22/2020,5.01,1908924,4.95,5.04,4.865
04/21/2020,4.7,2356016,4.89,4.895,4.685
04/20/2020,5.11,2003627,5.12,5.26,5.035
04/17/2020,5.12,2578724,5.25,5.3,5.06
04/16/2020,4.93,2966738,4.77,4.975,4.71
04/15/2020,4.69,2639342,4.84,4.84,4.605
04/14/2020,5.04,3324684,4.98,5.11,4.94
04/13/2020,4.86,3622283,5,5.03,4.72
04/09/2020,5.14,4439079,4.9,5.24,4.88
04/08/2020,4.61,2701728,4.54,4.73,4.41
04/07/2020,4.34,4754682,4.66,4.83,4.29
04/06/2020,4.56,3237071,4.31,4.58,4.29
04/03/2020,4.08,3077387,4.25,4.25,3.92
04/02/2020,4.12,2507916,4.2,4.237,4.01
04/01/2020,4.11,3146445,4.48,4.49,4.07
03/31/2020,4.72,1865572,4.79,4.85,4.62
03/30/2020,4.55,2963361,4.57,4.61,4.32
03/27/2020,4.6,3203667,4.82,4.87,4.55
03/26/2020,5.05,3392748,4.94,5.195,4.79
03/25/2020,4.84,3956269,4.71,4.97,4.42
03/24/2020,4.71,3979312,4.66,4.94,4.51
03/23/2020,4.33,2758807,4.3,4.57,4.17
03/20/2020,4.72,3092310,4.87,5.23,4.72
03/19/2020,4.78,3249622,4.72,4.87,4.52
03/18/2020,4.91,3223704,4.72,5.01,4.57
03/17/2020,5.31,3173834,5.23,5.37,4.92
03/16/2020,5.08,2796549,5.4,5.61,5.05
03/13/2020,6.09,3893628,6.01,6.09,5.5
03/12/2020,5.29,3776019,5.6,5.64,5
03/11/2020,6.45,3619952,6.79,6.825,6.4
03/10/2020,7.2,2617288,7.1,7.3,6.82
03/09/2020,6.71,2524925,7,7.09,6.63
03/06/2020,7.77,3491704,7.71,8.28,7.59
03/05/2020,8.02,2783328,8.48,8.5,8.02
03/04/2020,8.57,1937332,8.69,8.72,8.34
03/03/2020,8.69,3457941,9,9.085,8.53
03/02/2020,8.96,2664294,9.08,9.08,8.61
02/28/2020,9.16,2880073,8.83,9.19,8.708
02/27/2020,9.72,3254633,9.87,9.99,9.605
02/26/2020,10.06,2023664,10.2,10.25,10.05
02/25/2020,10.06,2832470,10.43,10.49,10.02
02/24/2020,10.33,1811384,10.38,10.38,10.23
02/21/2020,10.88,1468702,11,11.08,10.86
02/20/2020,11.05,967036,11.1,11.16,11
02/19/2020,11.12,981336,11.03,11.225,11.01
02/18/2020,11.21,2538237,11.35,11.39,11.07
02/14/2020,11.71,717673,11.89,11.89,11.69
02/13/2020,11.83,961502,11.91,11.91,11.785
02/12/2020,12.03,1800879,12.06,12.09,11.97
02/11/2020,12.01,874570,11.93,12.09,11.88
02/10/2020,11.81,1284413,11.8,11.81,11.7
02/07/2020,11.91,1851138,12.08,12.08,11.85
02/06/2020,12.36,2399886,12.73,12.73,12.32
02/05/2020,12.64,2380741,12.82,12.9,12.6
02/04/2020,11.73,1757538,11.78,11.88,11.685
02/03/2020,11.68,2503081,11.54,11.69,11.4
01/31/2020,12.13,2083330,12.44,12.48,12.05
01/30/2020,13.09,1145335,12.8,13.155,12.7
01/29/2020,13.11,1472841,13.1,13.2,13.08
01/28/2020,12.54,1251101,12.43,12.59,12.38
01/27/2020,12.69,1010825,12.65,12.79,12.56
01/24/2020,12.94,1091531,13.09,13.09,12.845
01/23/2020,13.12,1433027,13.1,13.14,12.925
01/22/2020,12.99,1373998,13.05,13.07,12.94
01/21/2020,13.3,1715126,13.35,13.39,13.225
01/17/2020,13.85,1069209,13.79,13.88,13.75
01/16/2020,13.82,1266600,13.93,13.93,13.73
01/15/2020,13.95,1759107,13.95,14.03,13.89
01/14/2020,13.75,1240574,13.73,13.76,13.63
01/13/2020,13.72,1690113,13.66,13.76,13.61
01/10/2020,13.61,1986018,13.6,13.77,13.57
01/09/2020,13.33,1327918,13.49,13.49,13.245
01/08/2020,12.86,1052466,12.79,12.9,12.66
01/07/2020,12.82,1015812,12.86,12.8868,12.75
01/06/2020,13.03,1203401,12.94,13.03,12.85
01/03/2020,13.18,1058808,13.45,13.47,13.125
01/02/2020,13.52,1649564,13.48,13.57,13.45
12/31/2019,12.93,871239,12.91,12.99,12.87
12/30/2019,12.77,1399972,12.82,12.99,12.76
12/27/2019,12.32,584253,12.45,12.47,12.31
12/26/2019,12.36,654691,12.34,12.42,12.26
12/24/2019,12.32,414903,12.33,12.4,12.26
12/23/2019,12.49,984023,12.44,12.58,12.44
12/20/2019,12.49,1700285,12.4,12.5,12.34
12/19/2019,12.6,946641,12.59,12.68,12.55
12/18/2019,12.47,1751382,12.56,12.56,12.4
12/17/2019,12.77,1773009,12.56,12.78,12.56
12/16/2019,12.39,1266836,12.27,12.435,12.2015
12/13/2019,12.36,1214638,12.42,12.53,12.34
12/12/2019,12.34,2771897,12,12.4,11.96
12/11/2019,11.35,871737,11.21,11.42,11.21
12/10/2019,11.2,659944,11.25,11.27,11.18
12/09/2019,11.29,672390,11.31,11.38,11.28
12/06/2019,11.37,969128,11.32,11.42,11.28
12/05/2019,11.58,840086,11.6,11.69,11.52
12/04/2019,11.85,2627647,11.71,11.99,11.7
12/03/2019,10.94,1243147,11.01,11.01,10.7
12/02/2019,11.22,725031,11.28,11.3,11.17
11/29/2019,11.22,741762,11.18,11.24,11.12
11/27/2019,11.57,1270227,11.53,11.64,11.49
11/26/2019,11.29,1296270,11.4,11.43,11.27
11/25/2019,11.54,1653067,11.42,11.61,11.39
11/22/2019,11.17,972671,11.27,11.29,11.11
11/21/2019,11.38,1538084,11.45,11.46,11.15
11/20/2019,11.52,903824,11.54,11.68,11.44
11/19/2019,11.61,886860,11.74,11.79,11.59
11/18/2019,11.83,743994,11.82,11.87,11.74
11/15/2019,11.86,1063384,11.71,12.02,11.71
11/14/2019,11.53,1138264,11.61,11.64,11.48
11/13/2019,11.72,975704,11.77,11.87,11.66
11/12/2019,12.02,815997,12.02,12.11,11.95
11/11/2019,12.06,949450,11.9,12.07,11.85
11/08/2019,11.86,1210837,11.98,12.01,11.85
11/07/2019,12.12,1086467,12.11,12.19,12.01
11/06/2019,12.18,1321408,12.2,12.3,12.15
11/05/2019,12.17,1438036,12.18,12.27,12.06
11/04/2019,12.34,2026264,12.18,12.4,12.18
11/01/2019,12.38,2853760,12.1,12.46,12.06
10/31/2019,12.08,3532441,12.35,12.37,11.95
10/30/2019,11.95,2862171,11.97,12.13,11.83
10/29/2019,12.21,4773675,12.03,12.39,11.96
10/28/2019,10.61,2261300,10.58,10.765,10.51
10/25/2019,10.49,4837864,9.69,10.635,9.65
10/24/2019,9.27,4472599,9.4,9.42,9.25
10/23/2019,9.33,1307608,9.32,9.44,9.3
10/22/2019,9.27,1768372,9.34,9.43,9.24
10/21/2019,9.51,1055701,9.6,9.63,9.46
10/18/2019,9.61,1676286,9.49,9.67,9.39
10/17/2019,9.63,3512273,9.65,9.9,9.57
10/16/2019,8.94,1348790,8.94,9.02,8.895
10/15/2019,9.04,1310664,8.85,9.06,8.79
10/14/2019,8.9,1246385,8.94,8.96,8.81
10/11/2019,8.74,2323493,8.57,8.82,8.56
10/10/2019,8.35,1638459,8.28,8.36,8.19
10/09/2019,8.4,1886478,8.52,8.575,8.38
10/08/2019,8.12,1232796,8.26,8.26,8.1
10/07/2019,8.29,1365482,8.36,8.39,8.21
10/04/2019,8.48,904422,8.44,8.48,8.34
10/03/2019,8.61,2113935,8.6,8.71,8.44
10/02/2019,8.08,2116212,8,8.195,7.92
10/01/2019,8.13,1964414,8.22,8.25,7.96
09/30/2019,8.39,1182923,8.38,8.465,8.28
09/27/2019,8.46,1800819,8.65,8.68,8.435
09/26/2019,8.65,1988098,8.89,8.89,8.58
09/25/2019,8.78,2146689,8.75,8.8,8.575
09/24/2019,9.02,2368344,9.34,9.345,8.96
09/23/2019,9.21,3024667,9.24,9.32,9.15
09/20/2019,9.54,4210369,9.4,9.73,9.34
09/19/2019,8.79,1067301,8.8,8.86,8.75
09/18/2019,8.65,1172268,8.71,8.73,8.6
09/17/2019,8.68,2284411,8.58,8.71,8.54
09/16/2019,8.96,1152176,9.02,9.1,8.96
09/13/2019,9.16,1273640,9.18,9.25,9.12
09/12/2019,9.08,2320642,9.19,9.21,8.97
09/11/2019,9.49,3379285,9.38,9.52,9.3
09/10/2019,8.93,3276488,8.75,8.99,8.7
09/09/2019,8.79,2353255,8.55,8.83,8.55
09/06/2019,8.52,1115250,8.57,8.58,8.435
09/05/2019,8.38,2368214,8.22,8.44,8.22
09/04/2019,7.71,2239903,7.72,7.76,7.6
09/03/2019,7.84,1603458,7.89,7.9,7.77
08/30/2019,8.22,1327037,8.2,8.26,8.17
08/29/2019,8.06,1665491,8.1,8.12,8.005
08/28/2019,8.24,1372435,8.13,8.29,8.07
08/27/2019,8.43,2355047,8.41,8.52,8.345
08/26/2019,7.85,2049936,7.76,7.96,7.75
08/23/2019,7.72,2855105,7.79,7.96,7.66
08/22/2019,7.61,2617834,7.52,7.675,7.38
08/21/2019,7.85,2798354,8.02,8.02,7.755
08/20/2019,8.47,1440463,8.51,8.53,8.44
08/19/2019,8.38,1215430,8.41,8.53,8.335
08/16/2019,8.56,914302,8.36,8.57,8.355
08/15/2019,8.28,1102247,8.38,8.41,8.2
08/14/2019,8.3,1098149,8.35,8.41,8.25
08/13/2019,8.63,1619981,8.27,8.69,8.27
08/12/2019,8.47,755906,8.53,8.56,8.41
08/09/2019,8.56,1752617,8.66,9.04,8.56
08/08/2019,8.75,1893353,8.7,8.76,8.66
08/07/2019,8.33,1894843,8.2,8.33,8.125
08/06/2019,8.55,2324190,8.73,8.76,8.44
08/05/2019,8.69,2833131,8.77,8.79,8.6
08/02/2019,9.2,1527999,9.25,9.298,9.15
08/01/2019,9.24,1987315,9.56,9.56,9.21
07/31/2019,9.71,1565755,9.79,9.82,9.64
07/30/2019,9.69,1797256,9.73,9.73,9.585
07/29/2019,9.94,2338102,10.08,10.11,9.86
07/26/2019,10.57,1527280,10.66,10.7075,10.52
07/25/2019,10.6,2103431,10.55,10.76,10.54
07/24/2019,11.01,1226846,10.96,11.02,10.89
07/23/2019,11.26,1185236,11.29,11.375,11.235
07/22/2019,11.21,1337356,11.32,11.39,11.19
07/19/2019,11.28,2332868,11.25,11.34,11.145
07/18/2019,11.68,1633708,11.66,11.75,11.57
07/17/2019,12.05,1134524,12.11,12.11,11.97
07/16/2019,12.18,2056310,12.25,12.335,12.15
07/15/2019,11.66,1131590,11.6,11.67,11.57
07/12/2019,11.57,1792089,11.53,11.675,11.47
07/11/2019,11.34,1078438,11.37,11.45,11.3001
07/10/2019,11.14,1000220,11.08,11.22,11.08
07/09/2019,11.25,1315509,11.27,11.285,11.195
07/08/2019,11.22,1617782,11.35,11.35,11.125
07/05/2019,11.64,1189340,11.65,11.69,11.475
07/03/2019,11.77,661933,11.67,11.8,11.61
07/02/2019,11.78,1242587,11.91,11.94,11.715
07/01/2019,12.08,1313867,12.07,12.15,11.9573
06/28/2019,11.68,1026134,11.76,11.81,11.64
06/27/2019,11.92,1167937,11.87,12.05,11.87
06/26/2019,11.62,847002,11.61,11.67,11.46
06/25/2019,11.44,887307,11.51,11.545,11.39
06/24/2019,11.39,1066847,11.46,11.5,11.37
06/21/2019,11.43,771034,11.46,11.49,11.355
06/20/2019,11.49,1502450,11.4,11.69,11.4
06/19/2019,11.21,2116894,11.29,11.3,11.13
06/18/2019,11.7,2322343,11.45,11.74,11.43
06/17/2019,11.37,1351098,11.39,11.49,11.29
06/14/2019,11.59,1104737,11.75,11.77,11.56
06/13/2019,11.95,774020,12,12.05,11.93
06/12/2019,12.05,767118,12.19,12.23,12.015
06/11/2019,12.35,2336546,12.25,12.36,12.21
06/10/2019,11.82,2264776,12.12,12.15,11.81
06/07/2019,12.29,851338,12.26,12.43,12.2
06/06/2019,12.28,1074968,12.37,12.41,12.155
06/05/2019,12.5,856043,12.75,12.75,12.395
06/04/2019,12.68,1327027,12.69,12.7427,12.54
06/03/2019,12.68,917494,12.55,12.81,12.55
05/31/2019,12.51,926884,12.45,12.51,12.315
05/30/2019,12.71,846048,12.63,12.74,12.615
05/29/2019,12.68,1563003,12.56,12.77,12.45
05/28/2019,12.7,2507708,12.96,13.07,12.69
05/24/2019,12.95,1338865,12.99,13.02,12.85
05/23/2019,12.54,1255353,12.5,12.565,12.39
05/22/2019,12.57,1443820,12.81,12.81,12.5
05/21/2019,12.81,2233165,12.82,12.945,12.5
05/20/2019,13.1,2524798,13.41,13.5,12.9
05/17/2019,12.4,1369925,12.51,12.7,12.35
05/16/2019,12.63,1059456,12.68,12.745,12.55
05/15/2019,12.62,2457673,12.17,12.77,12.12
05/14/2019,13.11,1474520,13.06,13.31,13.04
05/13/2019,12.74,1397632,12.86,12.91,12.68
05/10/2019,13.52,1472536,13.38,13.65,13.29
05/09/2019,13.36,1603662,13.48,13.515,13.15
05/08/2019,13.41,1824683,13.38,13.47,13.32
05/07/2019,13.58,2914038,13.82,13.88,13.39
05/06/2019,14.55,1312168,14.52,14.59,14.39
05/03/2019,15.13,693250,15.11,15.2,15.08
05/02/2019,14.9,1026425,14.99,14.99,14.77
05/01/2019,15.14,1182155,15.5,15.56,15.12
04/30/2019,15.4,1505880,15.42,15.44,15.25
04/29/2019,15.6,630747,15.66,15.69,15.54
04/26/2019,15.67,1129894,15.41,15.7327,15.33
04/25/2019,15.67,903222,15.8,15.8,15.5741
04/24/2019,15.84,2137842,16.0199,16.0199,15.71
04/23/2019,16.48,1316474,16.58,16.64,16.45
04/22/2019,16.74,939925,16.9,16.95,16.67
04/18/2019,17.1,1572447,16.85,17.135,16.785
04/17/2019,16.69,1861877,16.67,16.76,16.63
04/16/2019,16.34,1397421,16.5,16.53,16.22
04/15/2019,16.41,2030688,16.54,16.67,16.35
04/12/2019,15.94,3612901,15.68,16,15.62
04/11/2019,15.59,3502665,15.67,15.8301,15.58
04/10/2019,15.76,3027031,15.45,15.83,15.31
04/09/2019,14.76,1859014,14.86,14.87,14.66
04/08/2019,14.5,1166347,14.46,14.52,14.34
04/05/2019,14.95,841763,14.9,14.97,14.79
04/04/2019,15,1514131,14.84,15,14.79
04/03/2019,14.68,1688372,14.53,14.71,14.47
04/02/2019,14.41,3801332,14.64,14.93,14.3205
04/01/2019,13.85,4275969,13.34,13.94,13.34
03/29/2019,12.56,1146445,12.5,12.6,12.46
03/28/2019,12.28,696291,12.19,12.36,12.18
03/27/2019,12.17,1275492,12.32,12.33,12.06
03/26/2019,12.54,862855,12.59,12.63,12.485
03/25/2019,12.28,783731,12.35,12.36,12.2
03/22/2019,12.42,1779703,12.67,12.7,12.4
03/21/2019,13.11,675083,13.05,13.12,13
03/20/2019,13.06,715628,13.09,13.17,12.89
03/19/2019,13.22,985838,13.25,13.3,13.16
03/18/2019,13.19,1213059,13.17,13.305,13.125
03/15/2019,12.91,1723496,13.01,13.1,12.91
03/14/2019,12.89,967506,12.9,12.95,12.77
03/13/2019,13.1,1372810,13.03,13.17,12.93
03/12/2019,13.15,1191660,13.19,13.25,13.05
03/11/2019,13.09,1495888,13.09,13.1,12.97
03/08/2019,12.9,1246787,12.91,12.93,12.78
03/07/2019,13.3,1838037,13.52,13.55,13.15
03/06/2019,13.57,1576436,13.49,13.65,13.4
03/05/2019,13.71,2778123,13.6,13.9127,13.58
03/04/2019,12.91,2178153,13,13,12.73
03/01/2019,13.04,2571101,12.66,13.13,12.63
02/28/2019,12.5,1106076,12.44,12.52,12.365
02/27/2019,12.37,1385993,12.53,12.53,12.31
02/26/2019,12.85,1901831,12.72,12.95,12.7
02/25/2019,12.41,1108395,12.4,12.51,12.37
02/22/2019,12.39,2156421,12.155,12.42,12.13
02/21/2019,11.8,1250306,11.95,12.04,11.78
02/20/2019,11.77,2279028,11.65,11.82,11.58
02/19/2019,11.57,1062835,11.46,11.58,11.37
02/15/2019,11.26,1360057,11.32,11.37,11.245
02/14/2019,11.23,1758862,11.255,11.335,11.17
02/13/2019,11,1919529,10.93,11.07,10.925
02/12/2019,10.83,1730420,10.76,10.85,10.705
02/11/2019,10.61,2529642,10.7,10.75,10.58
02/08/2019,10.51,4389918,10.64,10.64,10.29
02/07/2019,11.4,4836923,11.65,11.65,11.15
02/06/2019,12.59,1703705,12.56,12.71,12.48
02/05/2019,12.32,1885202,12.37,12.38,12.18
02/04/2019,12.62,1403337,12.77,12.78,12.525
02/01/2019,12.9,1302070,12.99,12.99,12.72
01/31/2019,13.07,2513052,12.68,13.17,12.68
01/30/2019,12.58,1463406,12.37,12.6,12.33
01/29/2019,12.33,1496086,12.24,12.42,12.24
01/28/2019,12.21,1150656,12.17,12.21,12.01
01/25/2019,12.37,1687043,12.26,12.38,12.11
01/24/2019,12.26,1254176,12.37,12.39,12.19
01/23/2019,12.64,908437,12.68,12.69,12.5
01/22/2019,12.48,2273800,12.61,12.64,12.375
01/18/2019,12.96,1354214,12.9,13.05,12.82
01/17/2019,12.98,882402,13.02,13.11,12.88
01/16/2019,13.07,969847,13,13.21,13
01/15/2019,12.99,1200377,13.05,13.08,12.92
01/14/2019,12.75,1525313,12.87,12.94,12.63
01/11/2019,12.85,1100626,12.82,12.9,12.74
01/10/2019,13.37,1547250,13.16,13.41,13.15
01/09/2019,13.19,1906313,13.11,13.25,13.04
01/08/2019,12.96,1451165,12.97,13.11,12.9327
01/07/2019,12.75,1327945,12.6,12.89,12.55
01/04/2019,12.54,2042101,12.2,12.59,12.14
01/03/2019,11.71,1036836,11.78,11.83,11.65
01/02/2019,12.06,905608,11.88,12.095,11.82
12/31/2018,12.18,1345310,12.36,12.39,11.96
12/28/2018,12.31,1267127,12.18,12.38,12.07
12/27/2018,12.08,906427,11.98,12.09,11.78
12/26/2018,12.31,1834871,12.13,12.31,11.91
12/24/2018,12.07,921234,12.12,12.33,12.04
12/21/2018,12.37,2122606,12.36,12.51,12.29
12/20/2018,12.43,1926737,12.41,12.52,12.25
12/19/2018,11.92,1717303,12.25,12.35,11.85
12/18/2018,12.26,1688420,12.19,12.3938,12.16
12/17/2018,12,1592159,11.89,12.27,11.88
12/14/2018,11.53,1061127,11.44,11.69,11.4346
12/13/2018,11.58,1463486,11.59,11.77,11.57
12/12/2018,11.51,1853961,11.22,11.59,11.21
12/11/2018,10.8,1785971,10.87,11.0599,10.73
12/10/2018,10.67,2009813,10.81,10.83,10.49
12/07/2018,11.26,1528093,11.4,11.605,11.23
12/06/2018,11.46,2372020,11.43,11.46,11.19
12/04/2018,12.09,2148479,12.24,12.35,12.059
12/03/2018,12.4,1186885,12.4,12.46,12.2234
11/30/2018,12.2,1489614,12.28,12.29,12.09
11/29/2018,12.47,1894824,12.52,12.65,12.13
11/28/2018,12.51,1845945,12.41,12.51,12.09
11/27/2018,12.66,1037091,12.73,12.73,12.49
11/26/2018,12.85,915347,12.91,12.925,12.75
11/23/2018,12.89,411206,12.92,12.95,12.78
11/21/2018,13.02,1209680,12.8,13.08,12.77
11/20/2018,12.62,1680803,12.65,12.73,12.52
11/19/2018,12.79,1605909,12.64,13.03,12.64
11/16/2018,12.56,1634419,12.39,12.62,12.33
11/15/2018,12.57,2574919,12.19,12.735,12.17
11/14/2018,12.26,1654598,12.18,12.335,12.02
11/13/2018,12.18,3617814,12.25,12.47,12.12
11/12/2018,12.12,4040011,12.67,12.67,12.055
11/09/2018,13.11,1883424,13.16,13.28,12.985
11/08/2018,13.05,1738203,13.14,13.25,13.03
11/07/2018,13.18,1216242,13.15,13.22,12.935
11/06/2018,13.01,1916000,13.03,13.2079,12.95
11/05/2018,12.93,1451373,12.89,13.06,12.81
11/02/2018,12.76,1996598,12.99,12.99,12.69
11/01/2018,12.65,2698973,12.33,12.68,12.2
10/31/2018,12.21,1473575,12.24,12.485,12.06
10/30/2018,12.09,1856203,12,12.26,11.93
10/29/2018,11.92,3824982,12.1,12.475,11.755
10/26/2018,11.59,1595900,11.48,11.75,11.45
10/25/2018,11.67,1960365,11.59,11.74,11.35
10/24/2018,11.39,1751626,11.72,11.73,11.38
10/23/2018,11.87,2179892,11.51,11.985,11.47
10/22/2018,11.61,1247248,11.76,11.84,11.49
10/19/2018,11.89,1768621,11.75,11.9,11.65
10/18/2018,11.84,1891711,12.05,12.055,11.77
10/17/2018,12.06,2314863,12.34,12.35,11.97
10/16/2018,12.65,2476926,12.5,12.67,12.5
10/15/2018,12.47,2767367,12.49,12.57,12.3
10/12/2018,12.37,3775747,12.47,12.56,12.2
10/11/2018,12.08,4253772,12.25,12.27,11.905
10/10/2018,12.18,3522694,12.85,12.88,12.17
10/09/2018,12.78,5391669,12.49,12.9,12.49
10/08/2018,14.36,1569592,14.41,14.51,14.26
10/05/2018,14.52,2157794,14.7,14.7,14.23
10/04/2018,14.93,1977704,15.26,15.26,14.82
10/03/2018,15.38,917881,15.5,15.58,15.33
10/02/2018,15.52,1118633,15.65,15.6999,15.43
10/01/2018,15.57,1261243,15.68,15.76,15.5
09/28/2018,15.36,1688846,15.37,15.49,15.285
09/27/2018,15.58,2791687,15.6,15.72,15.52
09/26/2018,16.17,1813750,15.97,16.32,15.96
09/25/2018,16.47,1287424,16.55,16.56,16.42
09/24/2018,16.54,2148594,16.54,16.6,16.32
09/21/2018,17.14,2583732,17.3,17.3,17.091
09/20/2018,17.83,899975,17.89,17.99,17.74
09/19/2018,17.82,1592855,17.43,17.88,17.36
09/18/2018,17.51,2195836,17.17,17.55,17.11
09/17/2018,17.67,3548918,17.725,17.738,17.47
09/14/2018,18.04,3556718,18.35,18.3567,18.03
09/13/2018,18.25,2004514,18.51,18.52,18.21
09/12/2018,18.32,1400177,18.09,18.32,18.02
09/11/2018,18.33,1520508,18.18,18.34,18.02
09/10/2018,18.77,1391006,18.81,18.86,18.62
09/07/2018,18.84,1866230,18.87,19.04,18.78
09/06/2018,18.45,1116649,18.51,18.69,18.38
09/05/2018,18.42,1471378,18.49,18.53,18.345
09/04/2018,18.3,1685019,18.14,18.32,18.02
08/31/2018,18.55,1636989,18.66,18.72,18.41
08/30/2018,18.05,1352305,18.32,18.32,18
08/29/2018,18.5,1157257,18.58,18.61,18.38
08/28/2018,18.58,770085,18.55,18.6,18.48
08/27/2018,18.67,1182500,18.48,18.73,18.43
08/24/2018,18.35,727705,18.24,18.385,18.15
08/23/2018,18.18,1685647,18.29,18.34,18.04
08/22/2018,18.95,1519315,19.05,19.115,18.91
08/21/2018,19.16,1071743,19.11,19.21,19.0401
08/20/2018,19.1,1826124,19.03,19.175,18.98
08/17/2018,18.37,2183893,18.05,18.45,18.05
08/16/2018,17.75,3084955,17.65,17.87,17.64
08/15/2018,17.18,1429883,17.25,17.25,16.86
08/14/2018,17.43,2037644,17.58,17.62,17.3
08/13/2018,17.42,1908840,17.76,17.8,17.34
08/10/2018,17.87,1693500,18.09,18.13,17.6599
08/09/2018,18.43,1200741,18.69,18.75,18.37
08/08/2018,18.49,828866,18.4,18.65,18.4
08/07/2018,18.27,1659952,18.4,18.42,18.25
08/06/2018,18.6,1036154,18.47,18.69,18.34
08/03/2018,18.85,695626,18.79,18.88,18.6273
08/02/2018,19,1398958,18.72,19.03,18.72
08/01/2018,19.04,3011995,19.11,19.32,18.84
07/31/2018,18.2,3927076,18.74,18.93,17.86
07/30/2018,19.39,1174560,19.5,19.5,19.31
07/27/2018,19.25,2638719,19.49,19.69,19.22
07/26/2018,18.74,1591682,18.91,19.24,18.74
07/25/2018,19.17,4498160,18.76,19.27,18.36
07/24/2018,18.78,955366,18.78,18.95,18.7
07/23/2018,18.59,1039109,18.57,18.69,18.47
07/20/2018,18.39,835880,18.37,18.51,18.21
07/19/2018,18.4,1110862,18.48,18.48,18.2
07/18/2018,18.49,2428065,18.49,18.5,18.25
07/17/2018,18.87,2909234,18.54,18.87,18.48
07/16/2018,18.5,2562555,18.73,18.73,18.37
07/13/2018,19.21,1927199,19.44,19.44,19.16
07/12/2018,19.5,730714,19.65,19.6596,19.43
07/11/2018,19.46,1348591,19.64,19.69,19.42
07/10/2018,20.17,901489,20.13,20.35,20.095
07/09/2018,20.08,1018210,20.06,20.13,20.01
07/06/2018,19.89,1041230,19.69,19.95,19.66
07/05/2018,19.33,1992288,19.12,19.42,19
07/03/2018,19.66,794738,19.76,19.93,19.66
07/02/2018,19.8,1928293,19.38,19.849,19.38
06/29/2018,19.55,1056595,19.55,19.71,19.55
06/28/2018,19.25,2137544,19.1,19.295,18.9
06/27/2018,19.6,2175736,19.82,20.11,19.59
06/26/2018,20.24,2538535,20.2,20.285,19.94
06/25/2018,20.86,3687443,21.15,21.16,20.72
06/22/2018,22.25,2123119,22.47,22.66,22.185
06/21/2018,22.19,1544611,22.34,22.4875,22.07
06/20/2018,22.37,1215300,22.26,22.43,22.2
06/19/2018,22.12,1636888,22.21,22.24,21.92
06/18/2018,22.65,1779331,22.41,22.68,22.36
06/15/2018,22.15,1928644,22.3,22.32,21.9
06/14/2018,22.32,1302573,22.5,22.61,22.24
06/13/2018,22.6,1410805,22.76,22.865,22.52
06/12/2018,22.79,1292762,22.8,22.94,22.75
06/11/2018,22.77,1130172,22.73,22.88,22.63
06/08/2018,22.66,1458052,22.6,22.74,22.46
06/07/2018,22.33,2073514,22.52,22.66,22.33
06/06/2018,22.16,2426823,21.91,22.23,21.79
06/05/2018,21.35,1389409,21.31,21.37,21.175
06/04/2018,21.26,1079039,21.42,21.45,21.24
06/01/2018,21.42,2335468,21.25,21.43,21.21
05/31/2018,20.88,2453968,21.05,21.05,20.62
05/30/2018,21.09,2004991,21.17,21.21,20.98
05/29/2018,21.18,2935682,21.48,21.49,21.05
05/25/2018,21.31,1990536,21.32,21.5,21.18
05/24/2018,21.09,3779647,21.34,21.37,20.93
05/23/2018,22.39,3863194,22.85,23.57,22.07
05/22/2018,22.91,4475987,22.65,23.105,22.53
05/21/2018,22.03,2267285,21.82,22.095,21.75
05/18/2018,22.32,1594353,22.45,22.45,22.2
05/17/2018,23.02,1384996,23.04,23.185,22.97
05/16/2018,22.91,2261325,23.07,23.21,22.8
05/15/2018,22.69,6850114,22.9,22.97,22.555
05/14/2018,23.76,5185023,23.99,24.04,23.76
05/11/2018,24.3,2733381,24.53,24.57,24.3
05/10/2018,24.62,2812464,24.78,24.85,24.61
05/09/2018,25.1,2256391,25.03,25.854,25.03
05/08/2018,24.71,866668,24.75,24.86,24.6
05/07/2018,24.99,888827,24.92,25.195,24.8152
05/04/2018,25.06,1247382,24.75,25.18,24.735
05/03/2018,24.73,1494255,24.94,24.959,24.46
05/02/2018,25.07,873668,25.19,25.33,25.03
05/01/2018,25.4,1504286,25.1,25.47,25.04
04/30/2018,25.12,940494,25.19,25.33,25.11
04/27/2018,25.02,1279113,25.1,25.21,24.94
04/26/2018,24.67,1356208,24.64,24.83,24.51
04/25/2018,24.36,1375536,24.5,24.5,24.08
04/24/2018,24.64,1628856,24.96,24.97,24.46
04/23/2018,24.85,1073266,24.89,24.995,24.755
04/20/2018,24.85,1841195,25.23,25.4,24.83
04/19/2018,25.13,1446060,25.45,25.45,24.98
04/18/2018,25.57,2680321,25.55,25.74,25.49
04/17/2018,25.69,1647540,25.78,25.84,25.6336
04/16/2018,26.15,1943868,25.94,26.255,25.82
04/13/2018,26.72,1604108,27.17,27.17,26.41
04/12/2018,27.17,1117534,27.31,27.35,27.11
04/11/2018,27.19,900793,27.08,27.37,27.08
04/10/2018,27.2,1405217,27.14,27.32,27.0601
04/09/2018,27.24,1055413,27.41,27.49,27.1
04/06/2018,27.34,1986369,27.65,27.87,27.125
04/05/2018,27.62,1592790,27.57,27.84,27.5524
04/04/2018,27.4,2434780,27.02,27.49,26.89
04/03/2018,26.25,1597759,26.6,26.6,26.11
04/02/2018,25.67,1428507,26.06,26.42,25.58
03/29/2018,25.7,1419467,25.66,25.89,25.49
03/28/2018,25.42,1095228,25.15,25.52,24.97
03/27/2018,25.63,2383236,25.48,26.02,25.21
03/26/2018,25.4,1394698,25.32,25.48,24.91
03/23/2018,24.9,1983247,25.48,25.56,24.85
03/22/2018,25.5,1327976,25.75,25.8501,25.455
03/21/2018,25.8,1729745,25.68,25.9,25.61
03/20/2018,25.72,1860600,25.88,26.06,25.67
03/19/2018,25.77,1898359,26.08,26.15,25.58
03/16/2018,26.44,2489354,26.46,26.51,26.21
03/15/2018,27.03,1063648,27.39,27.43,26.9
03/14/2018,27.24,1204277,27.48,27.59,27.13
03/13/2018,27.35,1461699,27.38,27.43,27.21
03/12/2018,27.18,1735673,27.13,27.4,27.13
03/09/2018,26.78,1442680,26.55,26.895,26.55
03/08/2018,26.8,1259107,26.8,26.8,26.5
03/07/2018,26.89,1083578,26.91,27.06,26.77
03/06/2018,27.1,1551091,26.78,27.24,26.78
03/05/2018,27.28,1909507,26.99,27.33,26.8457
03/02/2018,27.97,1244269,27.75,28,27.59
03/01/2018,27.98,1211274,28.23,28.53,27.9199
02/28/2018,28.02,679719,28.35,28.36,27.99
02/27/2018,28.38,1102897,28.9,28.9,28.37
02/26/2018,28.98,2002668,28.47,29.11,28.36
02/23/2018,28.03,1205127,27.84,28.17,27.685
02/22/2018,27.7,1797478,27.68,27.79,27.46
02/21/2018,27.97,1532907,28.2,28.32,27.96
02/20/2018,28.62,1121394,28.51,28.76,28.31
02/16/2018,28.81,782552,28.73,29.07,28.5
02/15/2018,29.24,709394,29.39,29.39,28.96
02/14/2018,29.28,1033174,28.62,29.38,28.62
02/13/2018,28.63,601509,28.62,28.7898,28.51
02/12/2018,28.67,1187914,28.61,28.88,28.2
02/09/2018,28.42,1892845,28.36,28.5862,27.58
02/08/2018,28.3,1879226,29.1,29.12,28.28
02/07/2018,29.11,1514593,29.3,29.67,29.07
02/06/2018,29.26,2280296,28.29,29.39,28.19
02/05/2018,28.16,2140879,30.2,30.48,28.12
02/02/2018,29.75,1871337,29.84,30.13,29.7
02/01/2018,30.87,1105529,30.89,30.89,30.46
01/31/2018,30.96,1481423,31.11,31.36,30.8
01/30/2018,31.06,1265468,30.88,31.13,30.75
01/29/2018,31.21,1073636,31.3,31.46,31.12
01/26/2018,31.37,1178713,31.19,31.37,31.18
01/25/2018,31.04,2678851,31.75,31.78,30.92
01/24/2018,31.56,2239017,31.78,31.88,31.435
01/23/2018,32.34,2051942,32.89,32.89,32.29
01/22/2018,32.88,1505179,33.1,33.24,32.73
01/19/2018,33.1,1158274,32.85,33.21,32.85
01/18/2018,32.61,2182126,32.81,32.815,32.47
01/17/2018,33.06,957006,33.11,33.24,33.03
01/16/2018,33.11,2211596,32.99,33.285,32.9
01/12/2018,34.32,920403,34.23,34.35,34.08
01/11/2018,34.29,1175551,33.91,34.34,33.88
01/10/2018,33.75,862855,33.89,33.91,33.74
01/09/2018,34.24,1325067,34.05,34.35,34
01/08/2018,34.05,1985433,33.96,34.09,33.79
01/05/2018,33.87,1380342,33.86,33.97,33.69
01/04/2018,33.69,1154555,33.75,33.81,33.57
01/03/2018,33.93,2236922,33.93,33.965,33.81
01/02/2018,34.32,1503414,34.1,34.4,34.06
12/29/2017,33.07,1536786,33.25,33.57,33.06
12/28/2017,32.32,673098,32.51,32.53,32.18
12/27/2017,32.63,488390,32.79,32.79,32.55
12/26/2017,32.98,556017,32.71,33.03,32.71
12/22/2017,32.83,570712,32.76,32.88,32.66
12/21/2017,32.83,631221,32.67,32.89,32.64
12/20/2017,32.73,778916,32.67,32.74,32.45
12/19/2017,32.55,1345145,32.39,32.82,32.34
12/18/2017,31.64,786679,31.51,31.705,31.44
12/15/2017,31.36,924502,31.46,31.6,31.18
12/14/2017,31.37,752202,31.36,31.65,31.3
12/13/2017,31.24,814087,31.18,31.35,31.12
12/12/2017,31.51,774334,31.47,31.55,31.24
12/11/2017,31.84,1131995,31.58,31.89,31.58
12/08/2017,31.58,948237,31.62,31.73,31.51
12/07/2017,31.09,914626,30.79,31.2,30.79
12/06/2017,30.6,926214,30.7,30.74,30.4
12/05/2017,31.11,540347,31.16,31.23,30.97
12/04/2017,31.13,959493,31.3,31.42,31.12
12/01/2017,30.77,963432,31,31,30.62
11/30/2017,31.19,1270386,31.24,31.39,31.07
11/29/2017,31.56,1317438,31.88,31.92,31.45
11/28/2017,32.19,692794,32.25,32.29,31.9614
11/27/2017,32.19,972508,32.5,32.5,32.06
11/24/2017,32.74,504454,32.9,32.92,32.56
11/22/2017,32.89,617698,32.81,32.99,32.8
11/21/2017,32.72,601697,32.5,32.81,32.45
11/20/2017,32.36,670426,32.47,32.5,32.14
11/17/2017,32.48,1205655,32.08,32.65,32.06
11/16/2017,31.81,989183,31.65,31.98,31.6
11/15/2017,31.41,1413768,31.16,31.48,31.08
11/14/2017,31.62,1500820,31.54,31.65,31.34
11/13/2017,31.99,1096373,31.81,31.99,31.62
11/10/2017,32.32,2391320,32.22,32.44,32.085
11/09/2017,33.06,3031178,33.41,33.56,32.52
11/08/2017,33.69,2954447,33.64,33.78,32.96
11/07/2017,33.42,4623432,34.33,34.37,33.31
11/06/2017,35,3504694,35.17,35.47,34.9
11/03/2017,33.82,2731165,33.56,33.96,33.55
11/02/2017,33.21,1616820,33.3,33.3,33.05
11/01/2017,32.99,2126029,33.53,33.66,32.97
10/31/2017,32.76,1156256,32.95,32.95,32.35
10/30/2017,33.33,1708158,33.18,33.45,33.17
10/27/2017,32.76,860394,32.67,32.8241,32.57
10/26/2017,32.28,669582,32.17,32.41,32.09
10/25/2017,32.12,732503,32.27,32.4,31.855
10/24/2017,32.19,899830,32.07,32.23,31.95
10/23/2017,32.16,945064,32.47,32.51,32.01
10/20/2017,32.75,745164,32.8,33.05,32.7
10/19/2017,32.95,851872,32.75,33.13,32.36
10/18/2017,32.86,883557,32.9,33.02,32.6901
10/17/2017,32.82,1252905,32.96,32.96,32.45
10/16/2017,33.28,1412654,33.47,33.5,33.21
10/13/2017,32.79,899193,32.46,33,32.43
10/12/2017,32.11,693748,31.9,32.18,31.85
10/11/2017,31.78,822544,31.94,31.97,31.46
10/10/2017,32.27,822664,32.24,32.28,32.13
10/09/2017,32.27,662532,32.27,32.41,32.27
10/06/2017,32.24,417772,32.16,32.26,32
10/05/2017,32.27,894312,32.5,32.5,32.22
10/04/2017,32.21,631236,32.31,32.42,32.18
10/03/2017,31.98,715484,32.02,32.11,31.86
10/02/2017,31.72,992599,31.37,31.855,31.285
09/29/2017,31.27,1357677,30.75,31.44,30.7
09/28/2017,30.53,665338,30.47,30.565,30.37
09/27/2017,30.68,960226,30.7,30.76,30.44
09/26/2017,31.32,947285,31.23,31.47,31.21
09/25/2017,31.09,872065,31.41,31.41,30.85
09/22/2017,31.75,676017,31.76,31.81,31.63
09/21/2017,31.78,975088,31.82,31.84,31.61
09/20/2017,31.84,1267504,32.22,32.24,31.52
09/19/2017,32.22,2207818,32.52,32.64,32.22
09/18/2017,31.82,1828615,31.43,32.01,31.43
09/15/2017,31.28,859895,31.26,31.36,31.04
09/14/2017,31.14,1248396,31.2,31.47,31.12
09/13/2017,30.48,966420,30.56,30.71,30.35
09/12/2017,30.59,1924861,30.22,30.76,30.19
09/11/2017,29.74,1726322,29.72,30.02,29.68
09/08/2017,29.64,1515592,29.73,29.78,29.425
09/07/2017,29.79,1672299,30.05,30.11,29.78
09/06/2017,30.21,730814,30.11,30.33,29.94
09/05/2017,30.15,882682,30.54,30.54,30
09/01/2017,30.54,1266412,30.49,30.72,30.3
08/31/2017,29.86,1326062,29.88,29.98,29.66
08/30/2017,29.84,1125660,29.81,29.87,29.57
08/29/2017,29.68,821725,29.5,29.72,29.36
08/28/2017,29.82,936552,29.98,30.02,29.62
08/25/2017,29.99,671692,30.03,30.18,29.975
08/24/2017,29.93,808175,30,30.1789,29.75
08/23/2017,29.85,1501026,29.49,30.08,29.35
08/22/2017,29.28,1145722,29.17,29.44,29.1
08/21/2017,29.03,1405439,29.29,29.39,28.965
08/18/2017,29.32,2001231,29.41,29.61,29.26
08/17/2017,29.44,2153086,30,30.1,29.39
08/16/2017,30.05,1526739,30.07,30.29,30.01
08/15/2017,29.46,2102911,30.04,30.1,29.44
08/14/2017,29.75,1829822,29.66,29.87,29.5
08/11/2017,29.4,1980257,29.55,29.74,29.205
08/10/2017,29.39,4515180,30.195,30.4,29.23
08/09/2017,31.5,4007023,31.8,32.15,30.75
08/08/2017,33.53,2342454,34.12,34.12,33.48
08/07/2017,33.96,2492645,34.16,34.21,33.95
08/04/2017,34.82,1165650,34.49,34.845,34.34
08/03/2017,34.46,1249866,34.24,34.6,34
08/02/2017,34.74,611563,34.51,34.77,34.37
08/01/2017,34.87,796796,34.78,35,34.55
07/31/2017,34.44,1303198,34.64,34.94,34.41
07/28/2017,34.6,737318,34.57,34.675,34.4048
07/27/2017,34.49,1158410,34.75,34.87,34.14
07/26/2017,35.55,1167493,35.29,35.635,35.17
07/25/2017,35.26,993916,35.4,35.4,35.08
07/24/2017,35.61,1089148,35.77,35.82,35.4
07/21/2017,35.69,1015811,35.52,35.8,35.48
07/20/2017,35.44,606266,35.75,35.765,35.38
07/19/2017,35.9,1696841,35.3,36.19,35.3
07/18/2017,35,1086321,35.25,35.3306,34.945
07/17/2017,35.19,641075,35.5,35.6,35.19
07/14/2017,35.36,812656,35.09,35.43,34.87
07/13/2017,35.36,730997,35.38,35.405,35.1
07/12/2017,35.55,1204346,35.15,35.69,35.1
07/11/2017,34.89,1401668,34.94,35.19,34.695
07/10/2017,34.44,1693875,34.14,34.56,33.98
07/07/2017,33.51,1119424,33.51,33.67,33.4
07/06/2017,33.16,1429722,33.61,33.68,33.09
07/05/2017,33.38,1158249,33.31,33.57,33.285
07/03/2017,33.25,609357,33.14,33.56,33.1
06/30/2017,33.01,2564278,33.27,33.51,32.65
06/29/2017,33.33,1393394,33.72,33.775,32.92
06/28/2017,34.13,1157334,34.12,34.24,34
06/27/2017,33.97,698706,34.08,34.21,33.79
06/26/2017,34.14,819971,34.12,34.299,33.865
06/23/2017,34,1150258,34.41,34.42,33.86
06/22/2017,34.96,607986,35.06,35.12,34.94
06/21/2017,35.02,902619,35.35,35.47,34.84
06/20/2017,35.62,742056,35.79,35.94,35.59
06/19/2017,35.17,1151107,34.77,35.55,34.77
06/16/2017,34.88,1683193,35.12,35.26,34.74
06/15/2017,34.81,825326,34.71,34.82,34.35
06/14/2017,35.12,764516,35.28,35.37,34.955
06/13/2017,35.02,664631,34.81,35.08,34.72
06/12/2017,35.01,1549820,35.31,35.31,34.78
06/09/2017,35.53,1256831,36.07,36.2721,35.34
06/08/2017,35.71,633097,35.69,35.87,35.6
06/07/2017,35.6,632579,35.77,35.82,35.48
06/06/2017,35.85,1748869,35.91,35.91,35.48
06/05/2017,37,774788,37.22,37.36,36.87
06/02/2017,37.31,669400,37.14,37.38,37.04
06/01/2017,37.12,736546,37,37.35,36.91
05/31/2017,36.83,898925,36.85,36.97,36.63
05/30/2017,36.85,910011,37.13,37.2,36.74
05/26/2017,37.07,1131427,37,37.19,36.8
05/25/2017,36.56,1744995,36.62,36.95,36.54
05/24/2017,35.81,1729253,36.23,36.23,35.367
05/23/2017,36.81,2724758,36.44,37.62,36.38
05/22/2017,34.9,1105443,34.52,35,34.52
05/19/2017,34.45,1114901,34.22,34.61,34.14
05/18/2017,33.88,1071703,33.7,34.055,33.41
05/17/2017,34.21,1233710,34.75,34.9,34.11
05/16/2017,34.18,807847,34.02,34.2699,33.97
05/15/2017,33.9,1222895,33.78,33.98,33.64
05/12/2017,33.76,856631,33.49,33.87,33.44
05/11/2017,33.45,1121642,33.2,33.51,33.11
05/10/2017,33.49,994105,33.14,33.51,32.99
05/09/2017,32.77,1301234,33.12,33.235,32.735
05/08/2017,32.77,1723995,32.9,32.98,32.7
05/05/2017,32.73,2506319,32.73,32.96,32.55
05/04/2017,33.92,1456789,34.1,34.13,33.82
05/03/2017,34.7,845079,34.62,34.82,34.49
05/02/2017,34.81,903319,35.21,35.21,34.49
05/01/2017,35.17,1049565,35.72,35.74,35.08
04/28/2017,35.67,516726,35.62,35.73,35.47
04/27/2017,35.54,641380,35.42,35.63,35.415
04/26/2017,35.3,1139057,35.03,35.365,34.94
04/25/2017,34.66,2427062,34.36,34.6899,34.22
04/24/2017,34.18,1770045,34.26,34.32,33.99
04/21/2017,33.72,1618282,33.93,34.02,33.48
04/20/2017,34.19,1754941,34.15,34.49,34.12
04/19/2017,34,1789796,34.11,34.25,33.9
04/18/2017,33.82,1917407,34.47,34.48,33.76
04/17/2017,34.9,1124153,34.73,34.9,34.71
04/13/2017,34.72,1275174,35.06,35.08,34.58
04/12/2017,35.43,1466912,35.85,35.85,35.19
04/11/2017,35.89,1362003,36.6,36.73,35.765
04/10/2017,36.59,1256206,36.35,36.64,36.35
04/07/2017,36.09,1065008,36.07,36.2863,36.04
04/06/2017,36.06,964230,35.98,36.16,35.93
04/05/2017,35.82,1443243,35.92,36.18,35.78
04/04/2017,35.4,819730,35.35,35.53,35.31
04/03/2017,35.41,1050286,35.75,35.84,35.355
03/31/2017,35.65,1321562,35.72,35.736,35.425
03/30/2017,35.8,824227,35.74,35.84,35.61
03/29/2017,35.77,1153908,36.12,36.14,35.68
03/28/2017,36.18,911669,36.13,36.6,36.1
03/27/2017,36.05,909923,35.53,36.15,35.22
03/24/2017,35.74,1432370,35.65,35.86,35.54
03/23/2017,35.71,1928514,35.85,36.33,35.58
03/22/2017,35.55,2190420,35.24,35.56,35.09
03/21/2017,35.76,2480569,36.48,36.76,35.68
03/20/2017,36.62,1133193,36.4,36.62,36.23
03/17/2017,36.4,1501806,36.3,36.47,36.14
03/16/2017,36.7,1519660,36.94,36.98,36.59
03/15/2017,36.46,1470428,35.95,36.54,35.895
03/14/2017,35.88,1586015,35.9,35.92,35.42
03/13/2017,36.11,1289951,35.6,36.18,35.6
03/10/2017,35.16,2646292,34.9,35.225,34.76
03/09/2017,34.73,2154000,34.6,34.91,34.6
03/08/2017,34.59,1536662,34.7,34.75,34.42
03/07/2017,34.66,1231253,34.71,34.77,34.5
03/06/2017,34.81,1678627,35.12,35.2,34.7
03/03/2017,34.81,1539392,34.7,34.81,34.44
03/02/2017,34.64,2062158,34.26,34.78,34.22
03/01/2017,33.84,974929,33.98,34,33.49
02/28/2017,33.59,1583894,34.05,34.05,33.51
02/27/2017,34,841433,34.18,34.21,33.93
02/24/2017,34.32,763373,34.06,34.34,34.04
02/23/2017,34.39,1352320,34.56,34.6999,34.145
02/22/2017,34.53,1767963,34.45,34.8,34.37
02/21/2017,34.5,3029540,33.88,34.88,33.71
02/17/2017,33.46,1424701,33.39,33.47,32.84
02/16/2017,33.05,1896175,33.25,33.34,32.98
02/15/2017,32.39,4001256,33.41,33.69,32.32
02/14/2017,33.41,7960113,35,35.04,32.32
02/13/2017,37.42,1217345,37.69,37.7899,37.38
02/10/2017,38.09,389972,37.91,38.14,37.87
02/09/2017,38.04,879589,38.23,38.5,37.965
02/08/2017,38.13,1040759,37.92,38.1918,37.5
02/07/2017,37.62,944008,37.63,37.96,37.41
02/06/2017,38.77,647324,38.71,38.82,38.55
02/03/2017,38.86,728046,39,39.48,38.6607
02/02/2017,39.19,951199,39.53,39.53,38.84
02/01/2017,39.58,1262494,39.81,39.87,38.83
01/31/2017,38.96,506802,38.63,38.96,38.39
01/30/2017,38.8,949749,39.18,39.2,38.725
01/27/2017,39.91,467858,39.69,40.23,39.62
01/26/2017,40.09,947646,39.94,40.22,39.88
01/25/2017,40.12,662513,40.25,40.34,40
01/24/2017,40.01,981046,39.58,40.16,39.58
01/23/2017,39.05,692196,38.91,39.12,38.69
01/20/2017,38.42,592027,38.5,38.65,38.28
01/19/2017,38.76,734516,38.71,38.95,38.63
01/18/2017,38.35,1093871,38.34,38.4819,38.3081
01/17/2017,38.21,808305,38.18,38.36,38.08
01/13/2017,38.04,662619,37.73,38.08,37.62
01/12/2017,37.94,674010,38.23,38.32,37.6981
01/11/2017,38.51,1035846,37.93,38.54,37.83
01/10/2017,38.15,1771823,37.69,38.34,37.67
01/09/2017,37.26,2476758,36.39,37.41,36.35
01/06/2017,36.34,696251,36.6,36.6,36.2
01/05/2017,36.6,1024006,36.6,36.95,36.38
01/04/2017,35.95,507618,35.7,35.99,35.54
01/03/2017,35.52,1784340,34.95,35.59,34.81
12/30/2016,34.39,765312,34.37,34.5,34.26
12/29/2016,34.24,710593,34.22,34.43,34.2
12/28/2016,33.48,710262,34.03,34.08,33.43
12/27/2016,34.2,340273,34.06,34.33,34.06
